{
    "loss": 18.056489944458008,
    "accuracy": 0.4264705777168274
}