{
    "loss": 2.7680444717407227,
    "accuracy": 0.720588207244873
}